USE Db_Piggy_Controle;
GO
INSERT INTO Tb_Clientes([ID],[Nome],[CPF],[Email],[Pontos])
VALUES('BC08CF9291B03E96416EF5A2A','Driscoll',79253676002,'ipsum.sodales@etmagna.ca',72),
('D56E3A42586FD3EB94BD57CFB','Abdul',26134629251,'facilisis.lorem.tristique@lectus.com',44),
('9CEB2E1C23E7625A3BDC3AD1D','Amir',14253202318,'non.ante@vitaesodales.ca',74),
('9ADC065C25B5B9731B4928BE5','Ali',20211676172,'magnis.dis@Morbiquisurna.edu',61),
('B7CBE64823E6F4C898BB3EA03','Herman',66717860249,'vitae.risus@gravida.net',100),
('9226F57551CDAE00FA32C8143','Kaseem',95069775983,'ullamcorper.magna@sapien.org',32),
('E288FC72EDEBE78832BDB25B0','Richard',40393963163,'ut.pharetra@erateget.org',1),
('F484EA4E0E78F68DF40FEDF55','Jacob',60122929867,'gravida@QuisquevariusNam.com',74),
('10F417CBBC89AA7BC872426CB','Austin',66210635735,'at.fringilla@laciniamattisInteger.com',43),
('FFF6858EB23B20D918B2A9754','Igor',57920865700,'pharetra@euplacerat.edu',77),
('C2BFCD3FA0FD123F313A967AD','Eagan',10896267376,'Cum@ultricesmaurisipsum.edu',3),
('CBF82EB3940F24394ED717A07','Linus',52468905372,'sed.consequat@ultricesDuisvolutpat.co.uk',90),
('BC52EF033756D573A4A45DC72','Keith',48359446941,'egestas.Aliquam@semperauctor.com',14),
('E1B1CD0465B1AFEA64AAFCF8E','Brent',88327475279,'leo@tempusloremfringilla.co.uk',83),
('52C69EBB5D867CED34896492A','Paul',64906134768,'tristique.senectus@ridiculus.edu',85),
('F511916330D2B04C8BD111DAE','Leroy',91655159933,'vitae.erat.Vivamus@mauriseuelit.net',77),
('DF58FD6560DE8736FF947756E','Michael',94676273891,'Quisque.ac@eu.org',1),
('67F13ECBC8DCF0634F43356B1','Xander',49648843906,'sodales@metus.co.uk',55),
('9B01121FB2617B670F4E59FBE','Connor',19366614073,'enim.mi@Maurisut.ca',74),
('7D000A11C08F7CB45497A8AA0','Kennan',33813811779,'mus.Proin.vel@Nullam.ca',48),
('81BFF12F26FD2A6DAA781D981','Chaim',74249011759,'risus.In@semNullainterdum.ca',83),
('5D05550FE5FBFB97CBDCF424C','Xenos',53007332351,'pretium.et.rutrum@Integer.co.uk',85),
('E9F4FD0ED9B32E32459A6AD06','Dalton',13262894070,'cursus.Integer.mollis@vitaeposuereat.ca',95),
('C228AF9225697164A2BD5AF3F','Michael',31376951495,'euismod.in@Etiam.net',30),
('03F6E65CE15AFDBEBE7825A42','Keaton',14453165659,'vestibulum@erat.edu',19),
('F0C72721E193A2E68900169CD','Yuli',69046761392,'non@Aenean.ca',73),
('190EF3B0AD70008C13B9891A1','Alexander',79989775761,'neque.In.ornare@ullamcorper.com',96),
('5FA1835BE79B23E5BF802361C','Micah',65763120017,'sociis.natoque@enimcommodohendrerit.edu',82),
('8E858DE8B3A6CD666CDCE6FFC','Edan',39055120433,'Nulla.dignissim@lobortisClass.edu',21),
('E73CD24250ABD674001679318','Dustin',92363075092,'mattis.velit.justo@parturient.com',83),
('0BD4AC1B65DF6DF2208BB3FDB','Bernard',13395200589,'enim.non@famesac.com',69),
('B58D5F11A75F703D58EEE0B34','Kareem',80798704888,'tempus.non@posuereenim.edu',78),
('7E2F745EDADA44284C591FC14','Hunter',60854599793,'id.libero@ettristique.edu',30),
('631668B63182CB1DC33A24823','Allistair',65418663015,'sapien@tincidunt.org',91),
('F1A4BF41EE073231AE5C1483E','August',54113574388,'egestas.a.dui@lobortistellus.net',50),
('6EF2DE65F4BA09689730770B2','Fulton',65019773497,'Sed@metusfacilisis.edu',75),
('5BFD7EE7A06002D8446A3A122','Hiram',28632473904,'risus@velmauris.com',35),
('814B59E0A159328D394633F1C','Ivor',31680683337,'orci@ipsumPhasellusvitae.org',19),
('2246129ACAB4D6F15A88D21DA','Daquan',19149095952,'diam@AliquamnislNulla.edu',75),
('8114FB245ADE12488C214D7F0','Jared',94761078180,'Duis.at.lacus@Maurisvestibulumneque.edu',66),
('A627341A683FE912747E0C4DC','Jared',50882006688,'sapien@ante.edu',84),
('2D62BCF5A09CEFD0BE4D4C3EE','Cruz',25813933229,'dictum@cursusin.org',51),
('F295F229507C61FE1952B3007','Matthew',96305948263,'facilisis.lorem.tristique@diam.ca',80),
('123E5A4B7E85CAC27A6B99A48','Geoffrey',90846046887,'neque.et.nunc@augue.co.uk',2),
('2BA09646086D14CECF80AB01A','Ali',15069182201,'ridiculus@Nam.org',1),
('130C11F2888A87421824B7C74','Tyler',62049559434,'nibh@necanteblandit.ca',84),
('561B3948E87F6D5FA98DF8204','Gray',76121203814,'magna.Phasellus.dolor@netus.com',86),
('3329E181E6665B1600829192F','Kadeem',38354795867,'augue@ametdapibusid.co.uk',64),
('6AB92C8803970E442B82058D5','Hamilton',34999464600,'commodo@anteVivamus.edu',17),
('A256E7C35BB6D892FA9C1D814','August',91266884484,'convallis.ligula.Donec@QuisquevariusNam.edu',64),
('E3346B6F0BF96152DC0B300E1','Joseph',68769008886,'felis.Nulla.tempor@erat.net',66),
('C75DCDB4691C33B978282AF4A','Isaiah',80667365224,'Praesent.interdum@ligulaDonec.com',59),
('38BE9E35B7F494DE5C2045C7E','Otto',80265520321,'sodales.elit@Sed.com',37),
('2EB1666D6959571CA3FDA2E30','Nero',84580128652,'risus@elitAliquamauctor.ca',90),
('28949E7D45E508B3D167DCF8C','Flynn',22767867362,'Cras@rutrumlorem.ca',6),
('E23BA4F097CE5760F907AF532','Erasmus',48258127844,'orci@magna.edu',95),
('CA3D7107BA9AC6D149B21CAF8','Bruce',92202993006,'faucibus.orci.luctus@Utsagittislobortis.net',43),
('B51D484C1104F19788524EF61','Castor',41724033635,'Duis.gravida@mattisInteger.org',62),
('A8BBEC9CACA8E0E931118B50B','Quentin',85824677692,'odio.Etiam.ligula@Maecenasornare.org',16),
('F5CED3B469F429E1D0D4A99E6','Carl',51571289710,'nisi.a@infaucibus.edu',97),
('D846134A21644BEFF21E1159D','Burke',94117474953,'arcu.Sed@estmaurisrhoncus.org',13),
('72085237EB260E82DBEC78AB9','Colin',74940669978,'Suspendisse.commodo@ut.com',35),
('58118F9958318AA1E474925EF','Griffith',59109965614,'vel@velquamdignissim.ca',76),
('6D9BF0559E7200C4ED891A08C','Darius',14701214840,'accumsan@gravidaAliquam.com',48),
('18657126928C80DF465621323','Paul',29531322375,'placerat@lorem.com',21),
('A766514751DA1E0833BC65A66','Linus',51725104362,'molestie.Sed@ultriciesligulaNullam.com',56),
('5FFDC4BE307AB98629CD4DEC1','Lev',25889603588,'vulputate@sit.edu',79),
('E7E916991D28910F6A6318868','Kuame',29620962885,'Aliquam.nec@dignissimtemporarcu.net',90),
('6A0F423AA6C1E-ACF83AA18505','Keefe',53605056088,'a.neque.Nullam@lacusAliquam.com',85),
('4D62423A43CCBB16173623984','Uriel',73746778854,'leo@pedeultrices.ca',56),
('05A3C092F7081EE034DADC3A5','Ryan',28579440901,'Nam.consequat.dolor@Aeneanmassa.edu',80),
('6209CD3C8FC9CEE77080E8CF3','Camden',41351636137,'malesuada@sagittislobortis.co.uk',72),
('10EA8202A92EE228D9CD6A4F5','Cain',54020840276,'lacinia.at.iaculis@CuraeDonectincidunt.edu',84),
('BC6F75BE9B663F9F7EA850212','Lane',81682244126,'felis.adipiscing.fringilla@Cras.org',74),
('2C7C634763A8C0260CDE77351','Caleb',42038943148,'In.lorem@facilisisSuspendisse.org',35),
('01D2E91E05A84A165613988DE','Ezra',99535776321,'Nunc@sociosqu.com',53),
('DE8D552890B919C7DA1847829','Isaiah',81089142711,'sit.amet@vitae.net',35),
('A80B6D9CBE1F85371BBC9982D','Reuben',10609438361,'Donec@felisorciadipiscing.edu',94),
('A6812A47A5560385186710F87','Noah',29655427782,'dictum@sedest.ca',24),
('84E8F412C2E569F815FBEC198','Lance',30436373744,'magna.Cras.convallis@nonmagnaNam.ca',89),
('10D452DF7B92A2125E760DD17','Eric',77667027823,'eu@odioauctor.ca',47),
('0922BECED36A039D5CC241B37','Yuli',73193456544,'in@aliquam.net',73),
('A975B121A7A9D596A4B581A76','Kevin',50422964444,'mi.pede@erat.net',79),
('20A83D22BFD749D0695E2FE1A','Jonah',44891298284,'luctus.lobortis@vitaeorci.edu',16),
('DAB121DCA93154699CE3F9C19','Bert',79399235904,'dictum.cursus.Nunc@sagittissemperNam.net',17),
('BA9A6695AEAA579C75F8EEDBF','Nasim',72667457767,'auctor@vitaesodales.org',14),
('B800509133450FF53120C5BBB','Channing',22460731549,'nulla@Integermollis.co.uk',20),
('0B1D2948351C91249D60163C3','Ryder',55630901892,'sed@Integer.ca',9),
('363F7A1CC3F4CCF49E89B8663','Dale',90102614419,'ultrices.Duis@vehiculaaliquet.co.uk',74),
('47CA6A1FB74D2E630D65D2AA4','Elvis',53878555457,'convallis@enimmi.org',25),
('5FDC596208964E3B88D746586','Jonah',52118265847,'mauris.ipsum@lorem.co.uk',3),
('375D82DC4303B4BD263FC7042','Jameson',12213508547,'non.magna@magnaLoremipsum.ca',37),
('8089668D5FE136D5AD71C203B','Garth',85081056263,'elit@ornarelibero.co.uk',63),
('AB6E929D10117DAD0BC0CD4C6','Wing',61449310089,'tempor.diam@vitaedolorDonec.co.uk',61),
('4BEE2CD4DF7FE54BA9628B9A1','Quinn',50438318990,'sapien@aceleifend.org',59),
('3F1ED8EEBB29BCB5DB24B899F','Colton',60813484438,'massa.Suspendisse.eleifend@dapibus.edu',78),
('5962BDB0E2FD188FE03D315FF','Laith',56572759791,'Vestibulum.accumsan@conubianostraper.net',100),
('E0217AF2EBE667A36F2DAE602','Grant',96248456952,'in@inlobortis.com',37);
GO
INSERT INTO Tb_Compras([ID],[Valor],[DataDaCompra],[IdCliente])
VALUES('63CBC5C7313D9AA13B95A2DB4','140.29','10-11-20','BC08CF9291B03E96416EF5A2A'),
('51245BF02000502A1077047B4','84.37','17-02-22','5FDC596208964E3B88D746586'),
('4115934246AE8B8BA2E498304','19.73','24-09-20','BC08CF9291B03E96416EF5A2A'),
('DF632902BBB292D95E0F7B086','199.59','22-07-22','5FDC596208964E3B88D746586'),
('15CA1A1FC3E0267E534AF8F12','166.04','21-04-21','BC08CF9291B03E96416EF5A2A'),
('D1CD799A822A6287D364519EA','55.98','28-08-21','2C7C634763A8C0260CDE77351'),
('B9D300F8EB83F70EB76B5214C','193.04','14-03-21','BC08CF9291B03E96416EF5A2A'),
('67DA35AF7B2C6F228AF765486','42.51','01-01-21','2C7C634763A8C0260CDE77351'),
('10BC7F68A8DD724461D82B816','43.00','23-04-21','BC08CF9291B03E96416EF5A2A'),
('279DE712E0F553349A39E0CD2','110.42','09-06-22','10D452DF7B92A2125E760DD17'),
('C144FF0E8F10FF11748CB2D31','250.42','13-05-22','72085237EB260E82DBEC78AB9'),
('E36B053BD9C5EB697E80FD7F4','94.37','04-11-20','2EB1666D6959571CA3FDA2E30'),
('31CE183DEC6889008AF6F7C5F','207.55','11-08-22','E0217AF2EBE667A36F2DAE602'),
('9C5C8EA8DE37578BA7E0FE124','132.83','08-07-22','2EB1666D6959571CA3FDA2E30'),
('99EC9957750C38659C04BBD70','76.24','21-02-21','A80B6D9CBE1F85371BBC9982D'),
('497B30A5F348037BA28C7E508','288.52','04-01-21','123E5A4B7E85CAC27A6B99A48'),
('F9B7659F87C3AD288C71BD069','172.90','16-11-20','10D452DF7B92A2125E760DD17'),
('E0A36EE60978D81B029FCF53D','143.74','02-09-21','5FDC596208964E3B88D746586'),
('3F92C5A9083BCBA485F0156FF','125.14','18-01-22','0BD4AC1B65DF6DF2208BB3FDB'),
('DE347BCDBA60B7E07DCE3C89B','53.89','04-08-21','123E5A4B7E85CAC27A6B99A48'),
('367AF7BABA49CC4D8E0A2DE34','160.83','13-05-21','5FDC596208964E3B88D746586'),
('AE2D56089C8CAB8D3859CEDED','45.92','17-12-21','A256E7C35BB6D892FA9C1D814'),
('310B72AECA749350AA2ECDF35','258.28','22-11-20','E3346B6F0BF96152DC0B300E1'),
('6B3F4760BB3AE6D03C580E8D8','177.05','14-08-21','E0217AF2EBE667A36F2DAE602'),
('8A363488E97E866D24D9C6E5B','151.19','28-06-21','5FDC596208964E3B88D746586'),
('C39B722A0BBB149285D31889F','45.62','28-11-21','3329E181E6665B1600829192F'),
('C12B54110AAB6B02AD584FA12','146.45','27-12-20','A256E7C35BB6D892FA9C1D814'),
('E4F3FEFDA9A0688C957A472CB','143.91','06-09-21','B800509133450FF53120C5BBB'),
('877B0B0586A2973964DF6281D','291.48','26-02-22','A80B6D9CBE1F85371BBC9982D'),
('C667495678F4143678260FB23','43.45','21-06-22','F0C72721E193A2E68900169CD'),
('5C7A743A81682642A1D6713B0','274.11','05-05-21','0BD4AC1B65DF6DF2208BB3FDB'),
('6831E4AFA0C6CAEA3E8488FF0','64.27','02-10-20','D56E3A42586FD3EB94BD57CFB'),
('CE9666EA8C927AEE6D939B7AD','206.02','22-11-21','72085237EB260E82DBEC78AB9'),
('9F7B9D7630A32F85757E3E24A','249.78','21-11-21','DAB121DCA93154699CE3F9C19'),
('5D804A08BFB09EADD00C77876','176.51','30-09-21','10EA8202A92EE228D9CD6A4F5'),
('A6B068467F744FD4D72C614DE','82.75','01-12-20','E0217AF2EBE667A36F2DAE602'),
('86CFDE01E394D181A3CDEA6A8','65.28','02-10-21','6EF2DE65F4BA09689730770B2'),
('CC3E872B1A8A2F8EBDF4789CF','114.71','16-10-20','D56E3A42586FD3EB94BD57CFB'),
('C6D22D709718AD1693D5BD02E','289.42','13-10-20','123E5A4B7E85CAC27A6B99A48'),
('588213C5CC4192A3444E6698E','0.25','07-10-21','A6812A47A5560385186710F87'),
('3159EC7E118DDDEDAFC4680D5','111.94','28-03-22','814B59E0A159328D394633F1C'),
('9AF2E3E452153B79FC330B52A','280.49','27-05-21','A80B6D9CBE1F85371BBC9982D'),
('99CC2DAACD30773859C13F960','254.56','06-09-21','6EF2DE65F4BA09689730770B2'),
('429072D3A6A524F9AB0EBCAFF','256.16','24-09-20','561B3948E87F6D5FA98DF8204'),
('A6CBD5028B0C995E30AC5739A','233.73','23-04-21','72085237EB260E82DBEC78AB9'),
('62A39A0A408D100BBE4B7030E','88.89','05-03-22','E3346B6F0BF96152DC0B300E1'),
('38DBE4665B44E388BA8CC89E2','125.36','25-09-20','F0C72721E193A2E68900169CD'),
('919999B9FB84972A49B6CA572','249.34','09-04-22','561B3948E87F6D5FA98DF8204'),
('5DA9764B8D61A1654D6354E5D','65.73','30-05-22','F0C72721E193A2E68900169CD'),
('09710971DDE9D3F2DA23204AB','63.80','07-08-22','E3346B6F0BF96152DC0B300E1'),
('5ED1E594A57B77BB1D3CE717C','250.60','12-09-20','F0C72721E193A2E68900169CD'),
('40A6C705EF87C73E1A7126F87','162.06','20-08-21','123E5A4B7E85CAC27A6B99A48'),
('A6E211F706320FED634487F33','59.78','11-02-22','6EF2DE65F4BA09689730770B2'),
('9A5B1A21D38BC5AE4DC14E581','163.77','16-12-20','6D9BF0559E7200C4ED891A08C'),
('8D9596A2E59C7FE9174ED60D4','187.68','20-02-22','BA9A6695AEAA579C75F8EEDBF'),
('64EC4A95ABFC89C5639932AEA','277.71','22-11-21','47CA6A1FB74D2E630D65D2AA4'),
('0F6999377FD70146E82CAAD98','257.80','07-04-22','10D452DF7B92A2125E760DD17'),
('55EE3C79F4A8E64107BE2E331','95.87','03-09-20','E9F4FD0ED9B32E32459A6AD06'),
('44526F6B4A5FA2FAAB87D6EAB','251.07','20-02-22','E9F4FD0ED9B32E32459A6AD06'),
('3BFBBF7237A6AB942F62D53F3','132.47','24-01-21','AB6E929D10117DAD0BC0CD4C6'),
('69BE869ABC46478DC16436CA4','102.68','17-01-21','2EB1666D6959571CA3FDA2E30'),
('DB471CDE2944E8246CB78F836','73.16','05-01-22','A6812A47A5560385186710F87'),
('B215671D7D609F0DC12BE107B','83.65','06-10-20','72085237EB260E82DBEC78AB9'),
('793D8F160E38EEB1979CAC27C','54.45','08-07-21','F0C72721E193A2E68900169CD'),
('AA6C6626DF9388A5089A40908','2.36','28-03-22','123E5A4B7E85CAC27A6B99A48'),
('FBEB7AB810F5858283E6E764F','162.81','13-04-21','F0C72721E193A2E68900169CD'),
('6A3E97AED35BADB4F352CD03E','89.40','18-08-21','E9F4FD0ED9B32E32459A6AD06'),
('7265A1AD15DFC42205EF1F9A3','22.45','26-06-21','2BA09646086D14CECF80AB01A'),
('E194EE37F0F056D61C88BB1C3','114.70','26-02-22','F1A4BF41EE073231AE5C1483E'),
('45B09652091D78CE87A0A6C66','260.38','20-08-21','7E2F745EDADA44284C591FC14'),
('220986DF5095338A1182AD1E5','182.70','14-05-21','CA3D7107BA9AC6D149B21CAF8'),
('CA0CD97A2C5D6A157E3968537','284.92','20-11-20','A256E7C35BB6D892FA9C1D814'),
('9C86FFD0E44A9BD298688959F','128.40','24-11-21','47CA6A1FB74D2E630D65D2AA4'),
('046E42ADEFD0614E87E7E0615','295.73','12-12-20','E23BA4F097CE5760F907AF532'),
('759FDA245FD32ED274E559281','75.15','21-07-21','2EB1666D6959571CA3FDA2E30'),
('95C43182FB4069ADA64DB8A54','174.88','29-01-21','6EF2DE65F4BA09689730770B2'),
('3AB28A2C1DB51F69835EA4562','149.77','15-05-21','9CEB2E1C23E7625A3BDC3AD1D'),
('C1080DAE3FB26F499D9477C3F','171.68','07-05-21','5FFDC4BE307AB98629CD4DEC1'),
('0C18515BDD708111DF7D509F4','278.44','16-12-21','F1A4BF41EE073231AE5C1483E'),
('EB740AB121E53DF37093DB767','239.43','11-03-22','7E2F745EDADA44284C591FC14'),
('2F5E4CA8D7B861F640B9DDC74','5.63','24-06-22','130C11F2888A87421824B7C74'),
('D2CDE9547FEA59D904E64722B','195.28','04-05-22','E23BA4F097CE5760F907AF532'),
('3AFA531EA1C99708DD54EFED6','208.25','24-01-21','A8BBEC9CACA8E0E931118B50B'),
('38C01860EA626B47D40E1C8D6','18.43','04-12-21','A256E7C35BB6D892FA9C1D814'),
('3DF686811E8B60C747173A4BD','284.60','29-12-20','BA9A6695AEAA579C75F8EEDBF'),
('2BA0F7E39E247547220FAADF8','240.06','02-06-22','8E858DE8B3A6CD666CDCE6FFC'),
('FAF01EC4D7A9690E35F05F6ED','255.17','21-12-20','CA3D7107BA9AC6D149B21CAF8'),
('AAC90651577D991B13F6E77B3','242.30','31-01-22','3F1ED8EEBB29BCB5DB24B899F'),
('8D744463E4EF8E8002BFB4C59','168.17','29-09-20','2EB1666D6959571CA3FDA2E30'),
('867DE7B23E0F8D3295BB4BAF8','140.54','13-03-22','58118F9958318AA1E474925EF'),
('003EA89F91C3D529EC9F73FAC','120.00','19-06-21','5FFDC4BE307AB98629CD4DEC1'),
('7F33BF548B5212B9E87C3267B','15.38','06-11-20','A8BBEC9CACA8E0E931118B50B'),
('22C47F0BF5D7177B459D064F6','119.02','18-09-21','DAB121DCA93154699CE3F9C19'),
('111DB4D3378C19FB5D665D69F','23.29','24-11-20','3F1ED8EEBB29BCB5DB24B899F'),
('8275DE8BDC099CB0B26443EA1','89.14','09-01-22','6EF2DE65F4BA09689730770B2'),
('23E47560A2C4600484AB6DAAB','117.59','25-10-21','9CEB2E1C23E7625A3BDC3AD1D'),
('7A2E01E9C59D7ADA45B0842FD','289.12','24-10-21','DE8D552890B919C7DA1847829'),
('0CEFA2D2774D13CE63679ABD7','250.59','15-05-22','10D452DF7B92A2125E760DD17'),
('BF279C4B68018E162D7423D60','90.83','26-11-21','58118F9958318AA1E474925EF'),
('627919BC01CEB2149EAAE4096','296.13','17-01-21','DAB121DCA93154699CE3F9C19');
GO
INSERT INTO Tb_Premios([ID],[DataDaPremiacao],[IdCliente]) 
VALUES('06CC63A5D733C2CB075078354','21-11-20','6D9BF0559E7200C4ED891A08C'),
('7612E4D057F9C14FC93A0CF6D','20-06-22','A80B6D9CBE1F85371BBC9982D'),
('304302920C3CDFBA3774C17FD','19-08-21','A6812A47A5560385186710F87'),
('AD92F3A6A06E28502AAFAEA3C','17-10-20','58118F9958318AA1E474925EF'),
('34CE454D152706CC4E71F57E5','26-11-20','DAB121DCA93154699CE3F9C19'),
('24AAD7534D14F410089AD834E','02-09-20','DAB121DCA93154699CE3F9C19'),
('E8F9A43FE1DF39AB830F5B169','16-02-21','2BA09646086D14CECF80AB01A'),
('044F71013AE308A560BEE24CA','28-09-20','7E2F745EDADA44284C591FC14'),
('3AC6074D91C13331CCF53CB9E','05-07-22','DAB121DCA93154699CE3F9C19'),
('2B287B787AF2BE34E1EDFD48D','08-05-21','2EB1666D6959571CA3FDA2E30'),
('D4B900346781E25961FE4D04A','10-01-22','8E858DE8B3A6CD666CDCE6FFC'),
('6F414D2687FB97D90744844F8','25-09-21','F1A4BF41EE073231AE5C1483E'),
('BF3AC595E4004690C480EEA7B','09-03-21','F0C72721E193A2E68900169CD'),
('DEE799AD0C03A83632D408DE0','09-02-22','CA3D7107BA9AC6D149B21CAF8'),
('3771D65ABE3A87C6138E376E9','17-11-21','5FFDC4BE307AB98629CD4DEC1'),
('16525FB9FC62265F4169F6895','20-06-22','3329E181E6665B1600829192F'),
('DB3D0B91CB611E31EB7FE638D','08-04-21','BC08CF9291B03E96416EF5A2A'),
('83E6DDE1F66172F34AD8C6189','12-12-21','81BFF12F26FD2A6DAA781D981'),
('FED7E80A68F4F6A0EE0185F39','13-08-21','2BA09646086D14CECF80AB01A'),
('FC657746008E941A37CD448F5','18-09-20','E73CD24250ABD674001679318'),
('76AC2D71BA60ACC7934D0D11E','29-10-21','6EF2DE65F4BA09689730770B2'),
('4522BE8E6DC9111C15D716881','28-09-20','DF58FD6560DE8736FF947756E'),
('0732E74192D5BF98857BD13C4','01-11-21','10F417CBBC89AA7BC872426CB'),
('05D3BC04E12D8D0BCF20EE4BF','03-08-21','C2BFCD3FA0FD123F313A967AD'),
('1425EFF8E8315D9C3F631F9CD','12-04-22','01D2E91E05A84A165613988DE'),
('E2B74EE2A589D9D24A36F584A','12-08-22','10F417CBBC89AA7BC872426CB'),
('383CC4391527DFE19E930C77E','31-12-20','123E5A4B7E85CAC27A6B99A48'),
('2576355F554FB2544812D8C2C','13-06-21','CBF82EB3940F24394ED717A07'),
('F4AA0F7C18B09B0036022246B','02-05-22','2BA09646086D14CECF80AB01A'),
('15AA8A1E18B5255DB26F7B89E','13-12-21','FFF6858EB23B20D918B2A9754'),
('10D0A6B57D97E4D490C7BA052','11-04-22','10F417CBBC89AA7BC872426CB'),
('649297713AB1F545B2FA900C4','27-11-20','52C69EBB5D867CED34896492A'),
('C3A6D9B3228DAAF1FBFC8EA63','29-04-22','01D2E91E05A84A165613988DE'),
('2DAE15BBCC14340D1229D5AB8','01-09-21','BC08CF9291B03E96416EF5A2A'),
('043658219AD465869635E7AA0','04-04-22','A256E7C35BB6D892FA9C1D814'),
('D790A962297CD3E35439B904E','01-06-22','84E8F412C2E569F815FBEC198'),
('434052AA933FF5CAF28973672','18-12-20','F295F229507C61FE1952B3007'),
('358AA919928F8754EE6F2A715','20-07-22','CBF82EB3940F24394ED717A07'),
('D9D5138FECA0CC6D3C1931565','01-05-21','6EF2DE65F4BA09689730770B2'),
('F48309D526F412AEA9F7CBD36','24-08-21','C228AF9225697164A2BD5AF3F'),
('8FD9EB97389BF805DC9CC9D0E','26-02-22','130C11F2888A87421824B7C74'),
('C272A74B2004CCFB608944439','17-10-21','A6812A47A5560385186710F87'),
('D5E62433D6C313D7B7174C8B9','15-10-20','A8BBEC9CACA8E0E931118B50B');

